Nombre de jockeys;Nombre de tâche toujours en attente;Nombre de tâches en retard;Retard moyen 
19;456;16;1.375
20;283;0;0
21;218;0;0
22;121;0;0
23;31;0;0
24;13;0;0
25;2;0;0
26;2;0;0
27;40;0;0
28;216;486;2.7222222222222223
29;216;486;2.6810699588477367
30;515;1861;15.234282643739924
31;515;2127;16.558533145275035
32;515;2145;16.48111888111888
