Nombre de jockeys;Nombre de tâche toujours en attente;Nombre de tâches en retard;Retard moyen 
9;432;1723;2.193267556587348
10;431;1508;2.160477453580902
11;425;1298;1.8328197226502312
12;427;1080;1.8009259259259258
13;423;868;1.6900921658986174
14;422;654;1.5198776758409787
15;422;439;1.5444191343963554
